﻿<?xml version="1.0" encoding="utf-8" ?>
<Patch>

  <!--=============================== Cold ===============================-->

  <!-- SeaIce -->
	<Operation Class="PatchOperationReplace">
		<xpath>/Defs/BiomeDef[defName="SeaIce"]/terrainPatchMakers</xpath>
		<value>
			<terrainPatchMakers>
				<li>
					<perlinFrequency>0.015</perlinFrequency>
					<thresholds>
						<li>
							<terrain>WaterOceanShallow</terrain>
							<min>0.76</min>
							<max>0.90</max>
						</li>
						<li>
							<terrain>WaterOceanChestDeep</terrain>
							<min>0.90</min>
							<max>0.99</max>
						</li>
						<li>
							<terrain>WaterOceanDeep</terrain>
							<min>0.99</min>
							<max>999</max>
						</li>
					</thresholds>
				</li>
			</terrainPatchMakers>
		</value>
	</Operation>
	<Operation Class="PatchOperationAdd">
		<xpath>/Defs/BiomeDef[defName="SeaIce"]</xpath>
		<value>
			<modExtensions>
				<li Class="TerraCore.ModExt_Biome_Replacement">
					<sandReplacement>NormalSand</sandReplacement>
					<gravelReplacement>DryBarrenGravel</gravelReplacement>
				</li>
			</modExtensions>
		</value>
	</Operation>

  <!-- IceSheet -->
	<Operation Class="PatchOperationReplace">
		<xpath>/Defs/BiomeDef[defName="IceSheet"]/terrainPatchMakers</xpath>
		<value>
			<terrainPatchMakers>
				<li>
					<perlinFrequency>0.015</perlinFrequency>
					<thresholds>
						<li>
							<terrain>WaterOceanShallow</terrain>
							<min>0.76</min>
							<max>0.90</max>
						</li>
						<li>
							<terrain>WaterOceanChestDeep</terrain>
							<min>0.90</min>
							<max>0.99</max>
						</li>
						<li>
							<terrain>WaterOceanDeep</terrain>
							<min>0.99</min>
							<max>999</max>
						</li>
					</thresholds>
				</li>
			</terrainPatchMakers>
		</value>
	</Operation>
	<Operation Class="PatchOperationAdd">
		<xpath>/Defs/BiomeDef[defName="IceSheet"]</xpath>
		<value>
			<modExtensions>
				<li Class="TerraCore.ModExt_Biome_Replacement">
					<sandReplacement>NormalSand</sandReplacement>
					<gravelReplacement>DryBarrenGravel</gravelReplacement>
				</li>
			</modExtensions>
		</value>
	</Operation>

  <!-- Tundra -->
	<Operation Class="PatchOperationReplace">
		<xpath>/Defs/BiomeDef[defName="Tundra"]/terrainsByFertility</xpath>
		<value>
			<terrainsByFertility>
				<li>
					<terrain>NormalSoil</terrain>
					<min>-999</min>
					<max>0.84</max>
				</li>
				<li>
					<terrain>NormalFertileSoil</terrain>
					<min>0.84</min>
					<max>0.93</max>
				</li>
				<li>
					<terrain>NormalRichSoil</terrain>
					<min>0.93</min>
					<max>999</max>
				</li>
			</terrainsByFertility>
		</value>
	</Operation>
	<Operation Class="PatchOperationReplace">
		<xpath>/Defs/BiomeDef[defName="Tundra"]/terrainPatchMakers</xpath>
		<value>
			<terrainPatchMakers>
				<li>
					<perlinFrequency>0.015</perlinFrequency>
					<thresholds>
						<li>
							<terrain>WetSoil</terrain>
							<min>0.64</min>
							<max>0.83</max>
						</li>
						<li>
							<terrain>FloodedSoil</terrain>
							<min>0.83</min>
							<max>999</max>
						</li>
					</thresholds>
				</li>
				<li>
					<perlinFrequency>0.025</perlinFrequency>
					<thresholds>
						<li>
							<terrain>WetSoil</terrain>
							<min>0.72</min>
							<max>0.83</max>
						</li>
						<li>
							<terrain>WetFertileSoil</terrain>
							<min>0.83</min>
							<max>0.94</max>
						</li>
						<li>
							<terrain>FloodedFertileSoil</terrain>
							<min>0.94</min>
							<max>999</max>
						</li>
					</thresholds>
				</li>
			</terrainPatchMakers>
		</value>
	</Operation>
	<Operation Class="PatchOperationAdd">
		<xpath>/Defs/BiomeDef[defName="Tundra"]</xpath>
		<value>
			<modExtensions>
				<li Class="TerraCore.ModExt_Biome_Replacement">
					<sandReplacement>NormalSand</sandReplacement>
					<gravelReplacement>DryBarrenGravel</gravelReplacement>
				</li>
			</modExtensions>
		</value>
	</Operation>

  <!-- BorealForest -->
	<Operation Class="PatchOperationReplace">
		<xpath>/Defs/BiomeDef[defName="BorealForest"]/terrainsByFertility</xpath>
		<value>
			<terrainsByFertility>
				<li>
					<terrain>NormalSoil</terrain>
					<min>-999</min>
					<max>0.83</max>
				</li>
				<li>
					<terrain>NormalFertileSoil</terrain>
					<min>0.83</min>
					<max>0.94</max>
				</li>
				<li>
					<terrain>NormalRichSoil</terrain>
					<min>0.94</min>
					<max>999</max>
				</li>
			</terrainsByFertility>
		</value>
	</Operation>
	<Operation Class="PatchOperationReplace">
		<xpath>/Defs/BiomeDef[defName="BorealForest"]/terrainPatchMakers</xpath>
		<value>
			<terrainPatchMakers>
				<li>
					<perlinFrequency>0.035</perlinFrequency>
					<thresholds>
						<li>
							<terrain>NormalBarrenSoil</terrain>
							<min>0.70</min>
							<max>999</max>
						</li>
					</thresholds>
				</li>
				<li>
					<perlinFrequency>0.015</perlinFrequency>
					<thresholds>
						<li>
							<terrain>WetSoil</terrain>
							<min>0.72</min>
							<max>0.76</max>
						</li>
						<li>
							<terrain>WaterShallow</terrain>
							<min>0.76</min>
							<max>0.96</max>
						</li>
						<li>
							<terrain>WaterChestDeep</terrain>
							<min>0.96</min>
							<max>1.04</max>
						</li>
						<li>
							<terrain>WaterDeep</terrain>
							<min>1.04</min>
							<max>999</max>
						</li>
					</thresholds>
				</li>
				<li>
					<perlinFrequency>0.020</perlinFrequency>
					<thresholds>
						<li>
							<terrain>WetSoil</terrain>
							<min>0.67</min>
							<max>0.78</max>
						</li>
						<li>
							<terrain>WetFertileSoil</terrain>
							<min>0.78</min>
							<max>0.86</max>
						</li>
						<li>
							<terrain>FloodedFertileSoil</terrain>
							<min>0.86</min>
							<max>999</max>
						</li>
					</thresholds>
				</li>
			</terrainPatchMakers>
		</value>
	</Operation>
	<Operation Class="PatchOperationAdd">
		<xpath>/Defs/BiomeDef[defName="BorealForest"]</xpath>
		<value>
			<modExtensions>
				<li Class="TerraCore.ModExt_Biome_Replacement">
					<sandReplacement>NormalSand</sandReplacement>
					<gravelReplacement>DryGravel</gravelReplacement>
				</li>
			</modExtensions>
		</value>
	</Operation>

  <!-- ColdBog -->
	<Operation Class="PatchOperationReplace">
		<xpath>/Defs/BiomeDef[defName="ColdBog"]/terrainsByFertility</xpath>
		<value>
			<terrainsByFertility>
				<li>
					<terrain>NormalSoil</terrain>
					<min>-999</min>
					<max>0.83</max>
				</li>
				<li>
					<terrain>NormalFertileSoil</terrain>
					<min>0.83</min>
					<max>0.94</max>
				</li>
				<li>
					<terrain>NormalRichSoil</terrain>
					<min>0.94</min>
					<max>999</max>
				</li>
			</terrainsByFertility>
		</value>
	</Operation>
	<Operation Class="PatchOperationReplace">
		<xpath>/Defs/BiomeDef[defName="ColdBog"]/terrainPatchMakers</xpath>
		<value>
			<terrainPatchMakers>
				<li>
					<perlinFrequency>0.028</perlinFrequency>
					<thresholds>
						<li>
							<terrain>WetSoil</terrain>
							<min>0.38</min>
							<max>0.46</max>
						</li>
						<li>
							<terrain>FloodedSoil</terrain>
							<min>0.46</min>
							<max>999</max>
						</li>
					</thresholds>
				</li>
				<li>
					<perlinFrequency>0.027</perlinFrequency>
					<thresholds>
						<li>
							<terrain>WetFertileSoil</terrain>
							<min>-0.03</min>
							<max>0.15</max>
						</li>
						<li>
							<terrain>WetRichSoil</terrain>
							<min>0.15</min>
							<max>0.24</max>
						</li>
						<li>
							<terrain>FloodedFertileSoil</terrain>
							<min>0.24</min>
							<max>0.39</max>
						</li>
						<li>
							<terrain>FloodedRichSoil</terrain>
							<min>0.39</min>
							<max>0.63</max>
						</li>
						<li>
							<terrain>WaterShallow</terrain>
							<min>0.63</min>
							<max>999</max>
						</li>
					</thresholds>
				</li>
				<li>
					<perlinFrequency>0.015</perlinFrequency>
					<thresholds>
						<li>
							<terrain>WetSoil</terrain>
							<min>0.69</min>
							<max>0.83</max>
						</li>
						<li>
							<terrain>FloodedSoil</terrain>
							<min>0.83</min>
							<max>999</max>
						</li>
					</thresholds>
				</li>
			</terrainPatchMakers>
		</value>
	</Operation>
	<Operation Class="PatchOperationAdd">
		<xpath>/Defs/BiomeDef[defName="ColdBog"]</xpath>
		<value>
			<modExtensions>
				<li Class="TerraCore.ModExt_Biome_Replacement">
					<sandReplacement>WetSand</sandReplacement>
					<gravelReplacement>NormalGravel</gravelReplacement>
				</li>
			</modExtensions>
		</value>
	</Operation>

  <!--=============================== Temperate ===============================-->

  <!-- TemperateForest -->
	<Operation Class="PatchOperationReplace">
		<xpath>/Defs/BiomeDef[defName="TemperateForest"]/terrainsByFertility</xpath>
		<value>
			<terrainsByFertility>
				<li>
					<terrain>NormalSoil</terrain>
					<min>-999</min>
					<max>0.83</max>
				</li>
				<li>
					<terrain>NormalFertileSoil</terrain>
					<min>0.83</min>
					<max>0.94</max>
				</li>
				<li>
					<terrain>NormalRichSoil</terrain>
					<min>0.94</min>
					<max>999</max>
				</li>
			</terrainsByFertility>
		</value>
	</Operation>
	<Operation Class="PatchOperationReplace">
		<xpath>/Defs/BiomeDef[defName="TemperateForest"]/terrainPatchMakers</xpath>
		<value>
			<terrainPatchMakers>
				<li>
					<perlinFrequency>0.015</perlinFrequency>
					<thresholds>
						<li>
							<terrain>NormalFertileSoil</terrain>
							<min>0.73</min>
							<max>0.80</max>
						</li>
						<li>
							<terrain>WetFertileSoil</terrain>
							<min>0.80</min>
							<max>0.93</max>
						</li>
						<li>
							<terrain>WaterShallow</terrain>
							<min>0.93</min>
							<max>1.01</max>
						</li>
						<li>
							<terrain>WaterChestDeep</terrain>
							<min>1.01</min>
							<max>1.07</max>
						</li>
						<li>
							<terrain>WaterDeep</terrain>
							<min>1.07</min>
							<max>999</max>
						</li>
					</thresholds>
				</li>
				<li>
					<perlinFrequency>0.035</perlinFrequency>
					<thresholds>
						<li>
							<terrain>NormalFertileSoil</terrain>
							<min>0.75</min>
							<max>0.79</max>
						</li>
						<li>
							<terrain>WetFertileSoil</terrain>
							<min>0.79</min>
							<max>0.83</max>
						</li>
						<li>
							<terrain>FloodedFertileSoil</terrain>
							<min>0.83</min>
							<max>1.01</max>
						</li>
						<li>
							<terrain>WaterShallow</terrain>
							<min>1.01</min>
							<max>999</max>
						</li>
					</thresholds>
				</li>
			</terrainPatchMakers>
		</value>
	</Operation>
	<Operation Class="PatchOperationAdd">
		<xpath>/Defs/BiomeDef[defName="TemperateForest"]</xpath>
		<value>
			<modExtensions>
				<li Class="TerraCore.ModExt_Biome_Replacement">
					<sandReplacement>NormalSand</sandReplacement>
					<gravelReplacement>DryGravel</gravelReplacement>
				</li>
			</modExtensions>
		</value>
	</Operation>

  <!-- TemperateSwamp -->
	<Operation Class="PatchOperationReplace">
		<xpath>/Defs/BiomeDef[defName="TemperateSwamp"]/terrainsByFertility</xpath>
		<value>
			<terrainsByFertility>
				<li>
					<terrain>NormalSoil</terrain>
					<min>-999</min>
					<max>0.83</max>
				</li>
				<li>
					<terrain>NormalFertileSoil</terrain>
					<min>0.83</min>
					<max>0.94</max>
				</li>
				<li>
					<terrain>NormalRichSoil</terrain>
					<min>0.94</min>
					<max>999</max>
				</li>
			</terrainsByFertility>
		</value>
	</Operation>
	<Operation Class="PatchOperationReplace">
		<xpath>/Defs/BiomeDef[defName="TemperateSwamp"]/terrainPatchMakers</xpath>
		<value>
			<terrainPatchMakers>
				<li>
					<perlinFrequency>0.10</perlinFrequency>
					<thresholds>
						<li>
							<terrain>WetSoil</terrain>
							<min>0.36</min>
							<max>0.58</max>
						</li>
						<li>
							<terrain>WetFertileSoil</terrain>
							<min>0.58</min>
							<max>0.92</max>
						</li>
						<li>
							<terrain>FloodedFertileSoil</terrain>
							<min>0.92</min>
							<max>999</max>
						</li>
					</thresholds>
				</li>
				<li>
					<perlinFrequency>0.027</perlinFrequency>
					<thresholds>
						<li>
							<terrain>WetFertileSoil</terrain>
							<min>-0.03</min>
							<max>0.15</max>
						</li>
						<li>
							<terrain>WetRichSoil</terrain>
							<min>0.15</min>
							<max>0.24</max>
						</li>
						<li>
							<terrain>FloodedFertileSoil</terrain>
							<min>0.24</min>
							<max>0.39</max>
						</li>
						<li>
							<terrain>FloodedRichSoil</terrain>
							<min>0.39</min>
							<max>0.63</max>
						</li>
						<li>
							<terrain>WaterShallow</terrain>
							<min>0.63</min>
							<max>999</max>
						</li>
					</thresholds>
				</li>
				<li>
					<perlinFrequency>0.035</perlinFrequency>
					<thresholds>
						<li>
							<terrain>NormalFertileSoil</terrain>
							<min>0.71</min>
							<max>0.76</max>
						</li>
						<li>
							<terrain>WetFertileSoil</terrain>
							<min>0.76</min>
							<max>0.82</max>
						</li>
						<li>
							<terrain>FloodedFertileSoil</terrain>
							<min>0.82</min>
							<max>999</max>
						</li>
					</thresholds>
				</li>
			</terrainPatchMakers>
		</value>
	</Operation>
	<Operation Class="PatchOperationAdd">
		<xpath>/Defs/BiomeDef[defName="TemperateSwamp"]</xpath>
		<value>
			<modExtensions>
				<li Class="TerraCore.ModExt_Biome_Replacement">
					<sandReplacement>WetSand</sandReplacement>
					<gravelReplacement>NormalGravel</gravelReplacement>
				</li>
			</modExtensions>
		</value>
	</Operation>

  <!--=============================== Warm ===============================-->

  <!-- TropicalRainforest -->
	<Operation Class="PatchOperationReplace">
		<xpath>/Defs/BiomeDef[defName="TropicalRainforest"]/terrainsByFertility</xpath>
		<value>
			<terrainsByFertility>
				<li>
					<terrain>NormalSoil</terrain>
					<min>-999</min>
					<max>0.83</max>
				</li>
				<li>
					<terrain>NormalFertileSoil</terrain>
					<min>0.83</min>
					<max>0.94</max>
				</li>
				<li>
					<terrain>NormalRichSoil</terrain>
					<min>0.94</min>
					<max>999</max>
				</li>
			</terrainsByFertility>
		</value>
	</Operation>
	<Operation Class="PatchOperationReplace">
		<xpath>/Defs/BiomeDef[defName="TropicalRainforest"]/terrainPatchMakers</xpath>
		<value>
			<terrainPatchMakers>
				<li>
					<perlinFrequency>0.04</perlinFrequency>
					<thresholds>
						<li>
							<terrain>WetSoil</terrain>
							<min>0.7</min>
							<max>999</max>
						</li>
					</thresholds>
				</li>
				<li>
					<perlinFrequency>0.035</perlinFrequency>
					<thresholds>
						<li>
							<terrain>WetSoil</terrain>
							<min>0.64</min>
							<max>0.87</max>
						</li>
						<li>
							<terrain>FloodedSoil</terrain>
							<min>0.87</min>
							<max>999</max>
						</li>
					</thresholds>
				</li>
			</terrainPatchMakers>
		</value>
	</Operation>
	<Operation Class="PatchOperationAdd">
		<xpath>/Defs/BiomeDef[defName="TropicalRainforest"]</xpath>
		<value>
			<modExtensions>
				<li Class="TerraCore.ModExt_Biome_Replacement">
					<sandReplacement>NormalSand</sandReplacement>
					<gravelReplacement>DryGravel</gravelReplacement>
				</li>
			</modExtensions>
		</value>
	</Operation>

  <!-- TropicalSwamp -->
	<Operation Class="PatchOperationReplace">
		<xpath>/Defs/BiomeDef[defName="TropicalSwamp"]/terrainsByFertility</xpath>
		<value>
			<terrainsByFertility>
				<li>
					<terrain>NormalSoil</terrain>
					<min>-999</min>
					<max>0.83</max>
				</li>
				<li>
					<terrain>NormalFertileSoil</terrain>
					<min>0.83</min>
					<max>0.94</max>
				</li>
				<li>
					<terrain>NormalRichSoil</terrain>
					<min>0.94</min>
					<max>999</max>
				</li>
			</terrainsByFertility>
		</value>
	</Operation>
	<Operation Class="PatchOperationReplace">
		<xpath>/Defs/BiomeDef[defName="TropicalSwamp"]/terrainPatchMakers</xpath>
		<value>
			<terrainPatchMakers>
				<li>
					<perlinFrequency>0.04</perlinFrequency>
					<thresholds>
						<li>
							<terrain>WetSoil</terrain>
							<min>0.35</min>
							<max>999</max>
						</li>
					</thresholds>
				</li>
				<li>
					<perlinFrequency>0.027</perlinFrequency>
					<thresholds>
						<li>
							<terrain>WetFertileSoil</terrain>
							<min>-0.1</min>
							<max>0.17</max>
						</li>
						<li>
							<terrain>WetRichSoil</terrain>
							<min>0.17</min>
							<max>0.32</max>
						</li>
						<li>
							<terrain>FloodedFertileSoil</terrain>
							<min>0.24</min>
							<max>0.39</max>
						</li>
						<li>
							<terrain>FloodedRichSoil</terrain>
							<min>0.39</min>
							<max>0.62</max>
						</li>
						<li>
							<terrain>WaterShallow</terrain>
							<min>0.62</min>
							<max>999</max>
						</li>
					</thresholds>
				</li>
				<li>
					<perlinFrequency>0.035</perlinFrequency>
					<thresholds>
						<li>
							<terrain>WetSoil</terrain>
							<min>0.24</min>
							<max>0.48</max>
						</li>
						<li>
							<terrain>FloodedSoil</terrain>
							<min>0.48</min>
							<max>999</max>
						</li>
					</thresholds>
				</li>
			</terrainPatchMakers>
		</value>
	</Operation>
	<Operation Class="PatchOperationAdd">
		<xpath>/Defs/BiomeDef[defName="TropicalSwamp"]</xpath>
		<value>
			<modExtensions>
				<li Class="TerraCore.ModExt_Biome_Replacement">
					<sandReplacement>WetSand</sandReplacement>
					<gravelReplacement>NormalGravel</gravelReplacement>
				</li>
			</modExtensions>
		</value>
	</Operation>

  <!--=============================== Warm arid ===============================-->

  <!-- AridShrubland -->
	<Operation Class="PatchOperationReplace">
		<xpath>/Defs/BiomeDef[defName="AridShrubland"]/terrainsByFertility</xpath>
		<value>
			<terrainsByFertility>
				<li>
					<terrain>DrySand</terrain>
					<min>-999</min>
					<max>0.45</max>
				</li>
				<li>
					<terrain>DryLaterite</terrain>
					<min>0.45</min>
					<max>0.58</max>
				</li>
				<li>
					<terrain>DryBarrenSoil</terrain>
					<min>0.58</min>
					<max>0.74</max>
				</li>
				<li>
					<terrain>DrySoil</terrain>
					<min>0.74</min>
					<max>0.90</max>
				</li>
				<li>
					<terrain>DryFertileSoil</terrain>
					<min>0.90</min>
					<max>999</max>
				</li>
			</terrainsByFertility>
		</value>
	</Operation>
	<Operation Class="PatchOperationAdd">
		<xpath>/Defs/BiomeDef[defName="AridShrubland"]</xpath>
		<value>
			<terrainPatchMakers>
				<li>
					<perlinFrequency>0.008</perlinFrequency>
					<thresholds>
						<li>
							<terrain>ParchedLaterite</terrain>
							<min>0.35</min>
							<max>0.55</max>
						</li>
					</thresholds>
				</li>
				<li>
					<perlinFrequency>0.030</perlinFrequency>
					<thresholds>
						<li>
							<terrain>ParchedSand</terrain>
							<min>0.65</min>
							<max>0.81</max>
						</li>
						<li>
							<terrain>ParchedLaterite</terrain>
							<min>0.81</min>
							<max>999</max>
						</li>
					</thresholds>
				</li>
				<li>
					<perlinFrequency>0.025</perlinFrequency>
					<thresholds>
						<li>
							<terrain>ParchedBarrenSoil</terrain>
							<min>0.56</min>
							<max>0.67</max>
						</li>
						<li>
							<terrain>ParchedSoil</terrain>
							<min>0.67</min>
							<max>0.80</max>
						</li>
						<li>
							<terrain>ParchedFertileSoil</terrain>
							<min>0.80</min>
							<max>0.95</max>
						</li>
						<li>
							<terrain>ParchedRichSoil</terrain>
							<min>0.95</min>
							<max>999</max>
						</li>
					</thresholds>
				</li>
			</terrainPatchMakers>
		</value>
	</Operation>
	<Operation Class="PatchOperationAdd">
		<xpath>/Defs/BiomeDef[defName="AridShrubland"]</xpath>
		<value>
			<modExtensions>
				<li Class="TerraCore.ModExt_Biome_Replacement">
					<sandReplacement>DrySand</sandReplacement>
					<gravelReplacement>ParchedBarrenGravel</gravelReplacement>
				</li>
			</modExtensions>
		</value>
	</Operation>

  <!-- Desert -->
	<Operation Class="PatchOperationReplace">
		<xpath>/Defs/BiomeDef[defName="Desert"]/terrainsByFertility</xpath>
		<value>
			<terrainsByFertility>
				<li>
					<terrain>ParchedSand</terrain>
					<min>-999</min>
					<max>0.78</max>
				</li>
				<li>
					<terrain>ParchedLaterite</terrain>
					<min>0.78</min>
					<max>0.93</max>
				</li>
				<li>
					<terrain>ParchedBarrenSoil</terrain>
					<min>0.93</min>
					<max>999</max>
				</li>
			</terrainsByFertility>
		</value>
	</Operation>
	<Operation Class="PatchOperationReplace">
		<xpath>/Defs/BiomeDef[defName="Desert"]/terrainPatchMakers</xpath>
		<value>
			<terrainPatchMakers>
				<li>
					<perlinFrequency>0.015</perlinFrequency>
					<thresholds>
						<li>
							<terrain>DrySand</terrain>
							<min>0.56</min>
							<max>0.66</max>
						</li>
						<li>
							<terrain>DryLaterite</terrain>
							<min>0.66</min>
							<max>0.80</max>
						</li>
						<li>
							<terrain>DryBarrenSoil</terrain>
							<min>0.80</min>
							<max>0.92</max>
						</li>
						<li>
							<terrain>DrySoil</terrain>
							<min>0.92</min>
							<max>999</max>
						</li>
					</thresholds>
				</li>
			</terrainPatchMakers>
		</value>
	</Operation>
	<Operation Class="PatchOperationAdd">
		<xpath>/Defs/BiomeDef[defName="Desert"]</xpath>
		<value>
			<modExtensions>
				<li Class="TerraCore.ModExt_Biome_Replacement">
					<sandReplacement>DrySand</sandReplacement>
					<gravelReplacement>ParchedBarrenGravel</gravelReplacement>
				</li>
			</modExtensions>
		</value>
	</Operation>

  <!-- ExtremeDesert -->
	<Operation Class="PatchOperationReplace">
		<xpath>/Defs/BiomeDef[defName="ExtremeDesert"]/terrainsByFertility</xpath>
		<value>
			<terrainsByFertility>
				<li>
					<terrain>ParchedSand</terrain>
					<min>-999</min>
					<max>999</max>
				</li>
			</terrainsByFertility>
		</value>
	</Operation>
	<Operation Class="PatchOperationReplace">
		<xpath>/Defs/BiomeDef[defName="ExtremeDesert"]/terrainPatchMakers</xpath>
		<value>
			<terrainPatchMakers>
				<li>
					<perlinFrequency>0.008</perlinFrequency>
					<thresholds>
						<li>
							<terrain>DrySand</terrain>
							<min>0.25</min>
							<max>0.55</max>
						</li>
					</thresholds>
				</li>
				<li>
					<perlinFrequency>0.015</perlinFrequency>
					<thresholds>
						<li>
							<terrain>ParchedLaterite</terrain>
							<min>0.95</min>
							<max>999</max>
						</li>
					</thresholds>
				</li>
			</terrainPatchMakers>
		</value>
	</Operation>
	<Operation Class="PatchOperationAdd">
		<xpath>/Defs/BiomeDef[defName="ExtremeDesert"]</xpath>
		<value>
			<modExtensions>
				<li Class="TerraCore.ModExt_Biome_Replacement">
					<sandReplacement>DrySand</sandReplacement>
					<gravelReplacement>ParchedBarrenGravel</gravelReplacement>
				</li>
			</modExtensions>
		</value>
	</Operation>

</Patch>