﻿<?xml version="1.0" encoding="utf-8" ?>
<Defs>

	<TerrainDef ParentName="TerrainSoilBase">
		<defName>ParchedBarrenSoil</defName>
		<label>parched barren soil</label>
		<texturePath>Terrain/Surfaces/Soil/ParchedBarrenSoil</texturePath>
		<pathCost>7</pathCost>
		<fertility>0.75</fertility>
		<modExtensions>
			<li Class="TerraCore.ModExt_Terrain">
				<moistureByKey>Parched</moistureByKey>
				<wetTo>DryBarrenSoil</wetTo>
				<wetAtByKey>ParchedMax</wetAtByKey>
				<parchTo>ParchedLaterite</parchTo>
				<parchAtByKey>BarrenMin</parchAtByKey>
				<enrichTo>ParchedSoil</enrichTo>
				<enrichAtByKey>BarrenMax</enrichAtByKey>
				<floodTo>FloodedBarrenSoil</floodTo>
				<floodAtByKey>WetMax</floodAtByKey>
				<plowTo>ParchedBarrenSoilPlown</plowTo>
			</li>
		</modExtensions>
	</TerrainDef>

	<TerrainDef ParentName="TerrainSoilBase">
		<defName>DryBarrenSoil</defName>
		<label>dry barren soil</label>
		<texturePath>Terrain/Surfaces/Soil/DryBarrenSoil</texturePath>
		<pathCost>5</pathCost>
		<fertility>0.75</fertility>
		<modExtensions>
			<li Class="TerraCore.ModExt_Terrain">
				<moistureByKey>Dry</moistureByKey>
				<dryTo>ParchedBarrenSoil</dryTo>
				<dryAtByKey>DryMin</dryAtByKey>
				<wetTo>NormalBarrenSoil</wetTo>
				<wetAtByKey>DryMax</wetAtByKey>
				<parchTo>DryLaterite</parchTo>
				<parchAtByKey>BarrenMin</parchAtByKey>
				<enrichTo>DrySoil</enrichTo>
				<enrichAtByKey>BarrenMax</enrichAtByKey>
				<floodTo>FloodedBarrenSoil</floodTo>
				<floodAtByKey>WetMax</floodAtByKey>
				<plowTo>DryBarrenSoilPlown</plowTo>
			</li>
		</modExtensions>
	</TerrainDef>

	<TerrainDef ParentName="TerrainSoilBase">
		<defName>NormalBarrenSoil</defName>
		<label>barren soil</label>
		<texturePath>Terrain/Surfaces/Soil/NormalBarrenSoil</texturePath>
		<pathCost>4</pathCost>
		<fertility>0.75</fertility>
		<modExtensions>
			<li Class="TerraCore.ModExt_Terrain">
				<moistureByKey>Normal</moistureByKey>
				<dryTo>DryBarrenSoil</dryTo>
				<dryAtByKey>NormalMin</dryAtByKey>
				<wetTo>WetBarrenSoil</wetTo>
				<wetAtByKey>NormalMax</wetAtByKey>
				<parchTo>NormalLaterite</parchTo>
				<parchAtByKey>BarrenMin</parchAtByKey>
				<enrichTo>NormalSoil</enrichTo>
				<enrichAtByKey>BarrenMax</enrichAtByKey>
				<floodTo>FloodedBarrenSoil</floodTo>
				<floodAtByKey>WetMax</floodAtByKey>
				<plowTo>NormalBarrenSoilPlown</plowTo>
			</li>
		</modExtensions>
	</TerrainDef>

	<TerrainDef ParentName="TerrainWetBase">
		<defName>WetBarrenSoil</defName>
		<label>wet barren soil</label>
		<texturePath>Terrain/Surfaces/Soil/WetBarrenSoil</texturePath>
		<pathCost>9</pathCost>
		<fertility>0.75</fertility>
		<modExtensions>
			<li Class="TerraCore.ModExt_Terrain">
				<moistureByKey>Wet</moistureByKey>
				<dryTo>NormalBarrenSoil</dryTo>
				<dryAtByKey>WetMin</dryAtByKey>
				<parchTo>WetLaterite</parchTo>
				<parchAtByKey>BarrenMin</parchAtByKey>
				<enrichTo>WetSoil</enrichTo>
				<enrichAtByKey>BarrenMax</enrichAtByKey>
				<floodTo>FloodedBarrenSoil</floodTo>
				<floodAtByKey>WetMax</floodAtByKey>
				<plowTo>WetBarrenSoilPlown</plowTo>
			</li>
		</modExtensions>
	</TerrainDef>

	<TerrainDef ParentName="TerrainFloodedBase">
		<defName>FloodedBarrenSoil</defName>
		<label>flooded barren soil</label>
		<texturePath>Terrain/Surfaces/Soil/FloodedBarrenSoil</texturePath>
		<pathCost>13</pathCost>
		<fertility>0.75</fertility>
		<modExtensions>
			<li Class="TerraCore.ModExt_Terrain">
				<waterByKey>Flooded</waterByKey>
				<moistureByKey>Max</moistureByKey>
				<parchTo>FloodedLaterite</parchTo>
				<parchAtByKey>BarrenMin</parchAtByKey>
				<enrichTo>FloodedSoil</enrichTo>
				<enrichAtByKey>BarrenMax</enrichAtByKey>
				<ebbTo>WetBarrenSoil</ebbTo>
				<ebbAtByKey>FloodedMin</ebbAtByKey>
				<floodTo>FillerWater</floodTo>
				<floodAtByKey>FloodedMax</floodAtByKey>
				<freezeTo>FrozenFloodedBarrenSoil</freezeTo>
			</li>
		</modExtensions>
	</TerrainDef>

	<TerrainDef ParentName="TerrainFrozenBase">
		<defName>FrozenFloodedBarrenSoil</defName>
		<label>frozen flooded barren soil</label>
		<texturePath>Terrain/Surfaces/Soil/FrozenFloodedBarrenSoil</texturePath>
		<pathCost>6</pathCost>
		<modExtensions>
			<li Class="TerraCore.ModExt_Terrain">
				<waterByKey>Flooded</waterByKey>
				<moistureByKey>Max</moistureByKey>
				<thawTo>FloodedBarrenSoil</thawTo>
			</li>
		</modExtensions>
	</TerrainDef>

</Defs>
